num,ang1,ang2,ang3,ang4,ang5,ang6,ang7,ang8,label
1,50.99172973021476,11.866970718286298,142.08748971436464,0.8701635271178073,137.37487040848302,62.23271364693585,167.0705968465298,171.26121545379974,
